Gene,Split,Accuracy,F1 Score,Precision,Recall,ROC AUC,Sensitivity(Tumor),Specificity(Tumor),Recall(Normal),Balanced Accuracy,TP,FP,TN,FN,NonZero_Coefs
FOXO4,Train,0.5669050051072523,0.6882352941176471,0.9936305732484076,0.5264341957255343,0.9029371328583926,0.5264341957255343,0.9666666666666667,0.9666666666666667,0.7465504311961004,468,3,87,421,1
FOXO4,Test,0.5469387755102041,0.6666666666666666,1,0.5,0.9635722679200941,0.5,1,1,0.75,111,0,23,111,1
EGFR,Train,0.6649642492339122,0.7737931034482759,1,0.6310461192350956,0.9559430071241095,0.6310461192350956,1,1,0.8155230596175478,561,0,90,328,1
EGFR,Test,0.636734694,0.7492957746478873,1,0.5990990990990991,0.965530748,0.5990990990990991,1,1,0.7995495495495495,133,0,23,89,1
FGF2,Train,0.7272727272727273,0.8232958305757776,1,0.6996625421822272,0.9591801024871891,0.6996625421822272,1,1,0.8498312710911136,622,0,90,267,1
FGF2,Test,0.6857142857142857,0.7901907356948229,1,0.6531531531531531,0.9571092831962398,0.6531531531531531,1,1,0.8265765765765766,145,0,23,77,1
CDKN2A,Train,0.4851889683350358,0.6080870917573873,0.9848866498740554,0.4398200224971879,0.8262342207224097,0.4398200224971879,0.9333333333333333,0.9333333333333333,0.6865766779152607,391,6,84,498,1
CDKN2A,Test,0.4326530612244898,0.5501618122977346,0.9770114942528736,0.38288288288288286,0.8272620446533491,0.38288288288288286,0.9130434782608695,0.9130434782608695,0.6479631805718762,85,2,21,137,1