FeatureSet,ClassWeight,Split,Accuracy,F1 Score,Precision,Recall,ROC AUC,Sensitivity(Tumor),Specificity(Tumor),Recall(Normal),Balanced Accuracy,TP,FP,TN,FN,NonZero_Coefs
ALL_GENES,balanced,Train,1.0,1.0,1.0,1.0,1.0,1.0,1.0,1.0,1.0,889,0,90,0,195
ALL_GENES,balanced,Test,0.9959183673469387,0.9977426636568849,1.0,0.9954954954954955,0.9988249118683901,0.9954954954954955,1.0,1.0,0.9977477477477478,221,0,23,1,195
DEG_ONLY,balanced,Train,0.9989785495403473,0.9994372537985369,1.0,0.9988751406074241,1.0,0.9988751406074241,1.0,1.0,0.999437570303712,888,0,90,1,126
DEG_ONLY,balanced,Test,0.9959183673469387,0.9977426636568849,1.0,0.9954954954954955,0.9990207598903251,0.9954954954954955,1.0,1.0,0.9977477477477478,221,0,23,1,126
ALL_GENES,none,Train,1.0,1.0,1.0,1.0,1.0,1.0,1.0,1.0,1.0,889,0,90,0,112
ALL_GENES,none,Test,0.9959183673469387,0.9977426636568849,1.0,0.9954954954954955,0.9986290638464552,0.9954954954954955,1.0,1.0,0.9977477477477478,221,0,23,1,112
DEG_ONLY,none,Train,1.0,1.0,1.0,1.0,1.0,1.0,1.0,1.0,1.0,889,0,90,0,76
DEG_ONLY,none,Test,0.9918367346938776,0.9954954954954955,0.9954954954954955,0.9954954954954955,0.9990207598903251,0.9954954954954955,0.9565217391304348,0.9565217391304348,0.9760086173129652,221,1,22,1,76
