Gene,Accuracy,ROC AUC,F1,Precision,Recall,Sensitivity(Tumor),Specificity(Tumor),Recall(Normal),Balanced Accuracy,TP,FP,TN,FN,Accuracy_std,ROC AUC_std,F1_std,Precision_std,Recall_std,Sensitivity(Tumor)_std,Specificity(Tumor)_std,Recall(Normal)_std,Balanced Accuracy_std,TP_std,FP_std,TN_std,FN_std
FOXO4,0.5896734693877551,0.9116137877007441,0.7078463178742053,0.9948960549408858,0.550045045,0.550045045,0.9721739130434784,0.9721739130434784,0.7611094790442618,122.11,0.64,22.36,99.89,0.028370201654104983,0.023585418,0.026274099006540267,0.00537762,0.032139243,0.032139243,0.029326062621238977,0.029326062621238977,0.017997720655766238,7.134912031480815,0.6744994402884965,0.6744994402884964,7.134912031480815
EGFR,0.6695510204081634,0.9584195064629849,0.7764390043805879,1,0.6353153153153154,0.6353153153153154,1,1,0.8176576576576577,141.04,0,23,80.96,0.031316277177814884,0.011485895564342517,0.026562059,0,0.034560756,0.034560756,0,0,0.017280378,7.672487908564647,0,0,7.672487908564648
FGF2,0.6486938775510204,0.9589717978848413,0.7590395047708184,1,0.6122972972972973,0.6122972972972973,1,1,0.8061486486486487,135.93,0,23,86.07,0.029314224646277042,0.011383733376172362,0.024901924,0,0.032351284,0.032351284,0,0,0.016175641978238457,7.181985038337876,0,0,7.181985038337876
CDKN2A,0.4801224489795918,0.8313631022326673,0.6006550479837143,0.9840105661822705,0.4332432432432433,0.4332432432432433,0.9326086956521741,0.9326086956521741,0.6829259694477084,96.18,1.55,21.45,125.82,0.035784006,0.032080305,0.037822594158971545,0.010779354537195874,0.038555033206958654,0.038555033206958654,0.045147999,0.045147999,0.031697801482829455,8.559217371944822,1.0384039812533599,1.0384039812533599,8.559217371944822